{"stats":{"minecraft:picked_up":{"minecraft:wooden_axe":3,"minecraft:coarse_dirt":4,"minecraft:crafting_table":1,"minecraft:suspicious_stew":4,"ecologics:seashell":4,"minecraft:string":2,"minecraft:raw_copper":353,"create:limestone":8,"minecraft:beetroot":2,"minecraft:iron_pickaxe":2,"minecraft:stick":17,"minecraft:raw_iron":47,"marbledsarsenal:police_baton":2,"ecologics:coconut_slice":15,"minecraft:copper_ingot":3,"minecraft:torch":25,"minecraft:porkchop":4,"pointblank:gunmetal_nugget":83,"psg:sulphur":192,"farmersdelight:tomato_seeds":8,"minecraft:redstone":13,"pointblank:m1911a1":5,"pointblank:ammo45acp":91,"minecraft:rotten_flesh":41,"minecraft:beetroot_seeds":1,"farmersdelight:onion":7,"k_turrets:raw_titanium":27,"minecraft:iron_block":2,"farmersdelight:rope":29,"minecraft:cobblestone":99,"farmersdelight:rice":12,"minecraft:andesite":51,"projectvibrantjourneys:fallen_leaves":3,"minecraft:potato":7,"minecraft:filled_map":1,"alexsmobs:bear_fur":1,"create:raw_zinc":136,"overworld_netherite_ore:ancientdebrispiece":2,"minecraft:oak_log":13,"minecraft:gunpowder":5,"minecraft:paper":6,"minecraft:map":2,"marbledsarsenal:cm6m_gas_mask":2,"minecraft:dirt":14,"psg:potassium":2,"minecraft:leather_boots":2,"minecraft:bone":13,"minecraft:apple":4,"minecraft:raw_gold":20,"minecraft:iron_ingot":8,"minecraft:stone_pickaxe":2,"minecraft:oak_planks":22,"minecraft:book":6,"psg:raw_potassium":34,"minecraft:gravel":6,"minecraft:spruce_sapling":20,"minecraft:white_bed":5,"minecraft:spruce_log":33,"alexsmobs:animal_dictionary":1,"minecraft:spider_eye":2,"minecraft:slime_ball":2,"minecraft:granite":1,"minecraft:bread":47,"projectvibrantjourneys:orange_bark_mushroom":1,"minecraft:oak_sapling":1,"minecraft:coal":36,"minecraft:ender_pearl":1},"minecraft:broken":{"minecraft:stone_pickaxe":1},"minecraft:killed_by":{"minecraft:zombie":1},"minecraft:mined":{"create:zinc_ore":67,"create:deepslate_zinc_ore":1,"minecraft:white_bed":4,"projectvibrantjourneys:rocks":7,"psg:sulphur_ore":35,"minecraft:granite":1,"minecraft:grass_block":8,"minecraft:spruce_leaves":38,"minecraft:redstone_ore":1,"minecraft:iron_ore":36,"minecraft:andesite":28,"minecraft:deepslate_iron_ore":1,"projectvibrantjourneys:seashells":3,"minecraft:stone":66,"create:limestone":4,"minecraft:deepslate_redstone_ore":2,"psg:potassium_ore":6,"minecraft:crafting_table":2,"minecraft:torch":5,"projectvibrantjourneys:twigs":6,"projectvibrantjourneys:mossy_rocks":1,"minecraft:cobblestone":1,"minecraft:copper_ore":52,"projectvibrantjourneys:fallen_leaves":4,"minecraft:wall_torch":8,"minecraft:deepslate_copper_ore":7,"farmersdelight:wild_beetroots":3,"minecraft:coarse_dirt":4,"ecologics:seashell":1,"minecraft:spruce_log":33,"projectvibrantjourneys:bones":1,"minecraft:grass":1,"k_turrets:titanium_ore":15,"minecraft:oak_log":13,"minecraft:coal_ore":24,"minecraft:gravel":3,"minecraft:dirt":5,"minecraft:gold_ore":10,"minecraft:oak_leaves":4},"minecraft:custom":{"minecraft:mob_kills":37,"minecraft:interact_with_crafting_table":11,"minecraft:damage_dealt_resisted":105,"minecraft:leave_game":3,"minecraft:time_since_death":7778,"minecraft:sprint_one_cm":203183,"minecraft:walk_one_cm":151126,"minecraft:drop":55,"minecraft:talked_to_villager":2,"minecraft:play_time":82206,"minecraft:deaths":2,"minecraft:sneak_time":4647,"minecraft:walk_under_water_one_cm":7448,"minecraft:boat_one_cm":25650,"minecraft:jump":1058,"minecraft:walk_on_water_one_cm":12501,"minecraft:total_world_time":82206,"minecraft:interact_with_furnace":8,"minecraft:sleep_in_bed":3,"minecraft:time_since_rest":7799,"minecraft:damage_taken":1317,"minecraft:damage_dealt":6002,"minecraft:swim_one_cm":16178,"minecraft:fly_one_cm":100291,"minecraft:open_chest":18,"minecraft:crouch_one_cm":8788,"minecraft:fall_one_cm":18953},"minecraft:used":{"minecraft:beetroot":1,"minecraft:torch":20,"minecraft:dirt":1,"minecraft:wooden_axe":2,"projectvibrantjourneys:fallen_leaves":1,"minecraft:iron_axe":81,"marbledsarsenal:police_baton":128,"minecraft:furnace":1,"minecraft:stone_pickaxe":132,"minecraft:wooden_pickaxe":9,"minecraft:crafting_table":3,"minecraft:white_bed":4,"minecraft:oak_log":1,"minecraft:bread":25,"minecraft:suspicious_stew":1,"minecraft:iron_pickaxe":242,"minecraft:map":1,"ecologics:coconut_slice":11,"minecraft:cobblestone":32,"minecraft:andesite":17,"minecraft:oak_boat":1,"alexsmobs:animal_dictionary":1},"minecraft:killed":{"hordes:zombie_player":3,"minecraft:drowned":4,"minecraft:pig":2,"alexsmobs:grizzly_bear":2,"minecraft:zombie_villager":1,"minecraft:zombie":25},"minecraft:crafted":{"minecraft:oak_planks":28,"minecraft:furnace":1,"minecraft:iron_axe":1,"psg:potassium":9,"minecraft:stone_pickaxe":1,"minecraft:crafting_table":2,"minecraft:wooden_pickaxe":1,"minecraft:copper_ingot":52,"minecraft:air":0,"minecraft:oak_boat":1,"minecraft:stick":8,"minecraft:iron_pickaxe":1,"minecraft:iron_ingot":20,"minecraft:wooden_axe":1,"minecraft:iron_block":1,"minecraft:torch":12},"minecraft:dropped":{"farmersdelight:tomato_seeds":4,"minecraft:bread":17,"minecraft:ender_pearl":1,"marbledsarsenal:police_baton":1,"ecologics:coconut_slice":1,"minecraft:cobblestone":6,"minecraft:apple":3,"minecraft:granite":1,"minecraft:coal":1,"minecraft:dirt":1,"minecraft:torch":6,"projectvibrantjourneys:fallen_leaves":2,"minecraft:wooden_axe":2,"minecraft:map":3,"farmersdelight:onion":7,"minecraft:paper":6,"pointblank:m1911a1":3,"pointblank:ammo45acp":26,"minecraft:gravel":6,"alexsmobs:animal_dictionary":1,"minecraft:raw_copper":64,"minecraft:raw_iron":20,"minecraft:rotten_flesh":1,"minecraft:oak_planks":27,"minecraft:white_bed":1,"alexsmobs:bear_fur":1,"psg:sulphur":82,"minecraft:filled_map":2,"minecraft:gunpowder":3,"minecraft:andesite":2,"minecraft:beetroot_seeds":1,"ecologics:coconut_husk":11,"k_turrets:raw_titanium":7,"create:limestone":8,"minecraft:wooden_pickaxe":1,"minecraft:stone_pickaxe":2,"ecologics:seashell":1}},"DataVersion":3465}