{"stats":{"minecraft:picked_up":{"minecraft:wooden_axe":2,"minecraft:crafting_table":1,"minecraft:suspicious_stew":2,"ecologics:seashell":4,"minecraft:string":1,"minecraft:raw_copper":212,"create:limestone":8,"minecraft:beetroot":2,"minecraft:iron_pickaxe":1,"minecraft:stick":9,"minecraft:raw_iron":41,"marbledsarsenal:police_baton":2,"ecologics:coconut_slice":15,"minecraft:copper_ingot":1,"minecraft:torch":18,"pointblank:gunmetal_nugget":59,"psg:sulphur":189,"farmersdelight:tomato_seeds":8,"minecraft:redstone":13,"pointblank:m1911a1":4,"pointblank:ammo45acp":72,"minecraft:rotten_flesh":32,"minecraft:beetroot_seeds":1,"farmersdelight:onion":7,"k_turrets:raw_titanium":16,"minecraft:iron_block":1,"farmersdelight:rope":29,"minecraft:cobblestone":81,"farmersdelight:rice":9,"minecraft:andesite":25,"projectvibrantjourneys:fallen_leaves":3,"minecraft:potato":7,"minecraft:filled_map":1,"alexsmobs:bear_fur":1,"create:raw_zinc":54,"overworld_netherite_ore:ancientdebrispiece":2,"minecraft:oak_log":8,"minecraft:gunpowder":3,"minecraft:paper":6,"minecraft:map":2,"marbledsarsenal:cm6m_gas_mask":1,"minecraft:dirt":3,"psg:potassium":1,"minecraft:leather_boots":1,"minecraft:bone":13,"minecraft:raw_gold":20,"minecraft:iron_ingot":8,"minecraft:stone_pickaxe":2,"minecraft:oak_planks":22,"minecraft:book":3,"psg:raw_potassium":34,"minecraft:gravel":6,"minecraft:white_bed":5,"alexsmobs:animal_dictionary":1,"minecraft:spider_eye":1,"minecraft:slime_ball":1,"minecraft:granite":1,"minecraft:bread":47,"minecraft:coal":36,"minecraft:ender_pearl":1},"minecraft:broken":{"minecraft:stone_pickaxe":1},"minecraft:killed_by":{"minecraft:zombie":1},"minecraft:mined":{"create:zinc_ore":41,"create:deepslate_zinc_ore":1,"minecraft:white_bed":4,"projectvibrantjourneys:rocks":7,"psg:sulphur_ore":35,"minecraft:granite":1,"minecraft:grass_block":1,"minecraft:redstone_ore":1,"minecraft:iron_ore":30,"minecraft:andesite":23,"minecraft:deepslate_iron_ore":1,"projectvibrantjourneys:seashells":3,"minecraft:stone":58,"create:limestone":4,"minecraft:deepslate_redstone_ore":2,"psg:potassium_ore":6,"minecraft:crafting_table":2,"minecraft:torch":3,"projectvibrantjourneys:twigs":6,"projectvibrantjourneys:mossy_rocks":1,"minecraft:copper_ore":45,"projectvibrantjourneys:fallen_leaves":4,"minecraft:wall_torch":8,"minecraft:deepslate_copper_ore":7,"farmersdelight:wild_beetroots":3,"ecologics:seashell":1,"projectvibrantjourneys:bones":1,"k_turrets:titanium_ore":15,"minecraft:oak_log":8,"minecraft:coal_ore":24,"minecraft:gravel":3,"minecraft:dirt":2,"minecraft:gold_ore":10,"minecraft:oak_leaves":3},"minecraft:custom":{"minecraft:mob_kills":33,"minecraft:interact_with_crafting_table":7,"minecraft:damage_dealt_resisted":105,"minecraft:leave_game":3,"minecraft:time_since_death":12666,"minecraft:sprint_one_cm":176572,"minecraft:walk_one_cm":119813,"minecraft:drop":54,"minecraft:talked_to_villager":2,"minecraft:play_time":70206,"minecraft:deaths":1,"minecraft:sneak_time":4604,"minecraft:walk_under_water_one_cm":7448,"minecraft:boat_one_cm":25650,"minecraft:jump":839,"minecraft:walk_on_water_one_cm":12501,"minecraft:total_world_time":70206,"minecraft:interact_with_furnace":4,"minecraft:sleep_in_bed":3,"minecraft:time_since_rest":12766,"minecraft:damage_taken":1154,"minecraft:damage_dealt":5391,"minecraft:swim_one_cm":16178,"minecraft:fly_one_cm":85939,"minecraft:open_chest":12,"minecraft:crouch_one_cm":8520,"minecraft:fall_one_cm":16859},"minecraft:used":{"minecraft:beetroot":1,"minecraft:torch":19,"minecraft:dirt":1,"minecraft:wooden_axe":2,"projectvibrantjourneys:fallen_leaves":1,"marbledsarsenal:police_baton":118,"minecraft:furnace":1,"minecraft:stone_pickaxe":132,"minecraft:wooden_pickaxe":9,"minecraft:crafting_table":3,"minecraft:white_bed":4,"minecraft:oak_log":1,"minecraft:bread":23,"minecraft:iron_pickaxe":186,"minecraft:map":1,"ecologics:coconut_slice":11,"minecraft:cobblestone":13,"minecraft:andesite":3,"minecraft:oak_boat":1,"alexsmobs:animal_dictionary":1},"minecraft:killed":{"hordes:zombie_player":2,"minecraft:drowned":4,"alexsmobs:grizzly_bear":2,"minecraft:zombie_villager":1,"minecraft:zombie":24},"minecraft:crafted":{"minecraft:oak_planks":28,"minecraft:furnace":1,"psg:potassium":1,"minecraft:stone_pickaxe":1,"minecraft:crafting_table":2,"minecraft:wooden_pickaxe":1,"minecraft:air":0,"minecraft:oak_boat":1,"minecraft:stick":8,"minecraft:iron_pickaxe":1,"minecraft:iron_ingot":20,"minecraft:wooden_axe":1,"minecraft:iron_block":1,"minecraft:torch":12},"minecraft:dropped":{"farmersdelight:tomato_seeds":4,"minecraft:bread":17,"minecraft:ender_pearl":1,"marbledsarsenal:police_baton":1,"ecologics:coconut_slice":1,"minecraft:cobblestone":6,"minecraft:apple":3,"minecraft:granite":1,"minecraft:coal":1,"minecraft:dirt":1,"minecraft:torch":6,"projectvibrantjourneys:fallen_leaves":2,"minecraft:wooden_axe":1,"minecraft:map":3,"farmersdelight:onion":7,"minecraft:paper":6,"pointblank:m1911a1":3,"pointblank:ammo45acp":26,"minecraft:gravel":6,"alexsmobs:animal_dictionary":1,"minecraft:raw_copper":64,"minecraft:raw_iron":20,"minecraft:rotten_flesh":1,"minecraft:oak_planks":27,"minecraft:white_bed":1,"alexsmobs:bear_fur":1,"psg:sulphur":82,"minecraft:filled_map":2,"minecraft:gunpowder":3,"minecraft:andesite":2,"minecraft:beetroot_seeds":1,"ecologics:coconut_husk":11,"k_turrets:raw_titanium":7,"create:limestone":8,"minecraft:wooden_pickaxe":1,"minecraft:stone_pickaxe":2,"ecologics:seashell":1}},"DataVersion":3465}