{"stats":{"minecraft:picked_up":{"minecraft:wooden_axe":3,"minecraft:crafting_table":1,"minecraft:coarse_dirt":8,"minecraft:suspicious_stew":4,"ecologics:seashell":4,"minecraft:string":2,"minecraft:iron_axe":3,"minecraft:raw_copper":424,"create:limestone":8,"tacz:ammo":45,"minecraft:beetroot":2,"minecraft:spruce_planks":1,"minecraft:iron_pickaxe":4,"minecraft:stick":31,"minecraft:raw_iron":57,"marbledsarsenal:police_baton":6,"minecraft:oak_door":6,"ecologics:coconut_slice":15,"minecraft:copper_ingot":45,"minecraft:torch":32,"minecraft:bowl":2,"minecraft:porkchop":8,"pointblank:gunmetal_nugget":182,"psg:sulphur":195,"farmersdelight:tomato_seeds":8,"minecraft:redstone":13,"pointblank:ammo45acp":96,"pointblank:m1911a1":7,"minecraft:rotten_flesh":91,"minecraft:beetroot_seeds":1,"farmersdelight:onion":7,"k_turrets:raw_titanium":47,"minecraft:iron_block":3,"farmersdelight:rope":32,"minecraft:cobblestone":138,"farmersdelight:rice":12,"minecraft:andesite":69,"projectvibrantjourneys:fallen_leaves":3,"minecraft:potato":7,"minecraft:filled_map":1,"alexsmobs:bear_fur":1,"overworld_netherite_ore:ancientdebrispiece":2,"create:raw_zinc":165,"minecraft:oak_log":23,"minecraft:gunpowder":11,"psg:potassium":18,"minecraft:map":2,"marbledsarsenal:cm6m_gas_mask":4,"minecraft:dirt":32,"minecraft:paper":6,"tacz:ammo_box":1,"minecraft:leather_boots":4,"minecraft:bone":15,"minecraft:apple":8,"minecraft:raw_gold":20,"minecraft:stone_pickaxe":2,"minecraft:iron_ingot":16,"minecraft:oak_planks":24,"minecraft:book":12,"psg:raw_potassium":42,"minecraft:gravel":6,"minecraft:spruce_sapling":53,"minecraft:white_bed":5,"minecraft:spruce_log":94,"alexsmobs:animal_dictionary":4,"minecraft:spider_eye":4,"minecraft:slime_ball":4,"minecraft:granite":1,"minecraft:bread":47,"minecraft:oak_sapling":3,"projectvibrantjourneys:orange_bark_mushroom":3,"minecraft:coal":41,"minecraft:ender_pearl":1},"minecraft:broken":{"minecraft:stone_pickaxe":1,"minecraft:iron_pickaxe":1},"minecraft:killed_by":{"hordes:zombie_player":4,"minecraft:zombie":6},"minecraft:mined":{"create:zinc_ore":72,"create:deepslate_zinc_ore":1,"minecraft:white_bed":4,"projectvibrantjourneys:rocks":7,"psg:sulphur_ore":36,"minecraft:granite":1,"minecraft:grass_block":8,"minecraft:spruce_leaves":38,"minecraft:redstone_ore":1,"minecraft:iron_ore":36,"minecraft:andesite":30,"minecraft:deepslate_iron_ore":1,"projectvibrantjourneys:seashells":3,"minecraft:stone":69,"create:limestone":4,"minecraft:deepslate_redstone_ore":2,"psg:potassium_ore":10,"minecraft:crafting_table":2,"minecraft:torch":7,"projectvibrantjourneys:twigs":6,"projectvibrantjourneys:mossy_rocks":1,"minecraft:copper_ore":52,"minecraft:cobblestone":1,"projectvibrantjourneys:fallen_leaves":4,"minecraft:oak_planks":2,"minecraft:wall_torch":8,"minecraft:deepslate_copper_ore":7,"farmersdelight:wild_beetroots":3,"minecraft:coarse_dirt":4,"ecologics:seashell":1,"projectvibrantjourneys:bones":1,"minecraft:spruce_log":33,"k_turrets:titanium_ore":15,"minecraft:grass":1,"minecraft:oak_log":13,"minecraft:coal_ore":26,"minecraft:gravel":3,"minecraft:dirt":7,"minecraft:gold_ore":10,"minecraft:oak_leaves":4},"minecraft:custom":{"minecraft:mob_kills":62,"minecraft:interact_with_crafting_table":19,"minecraft:damage_dealt_resisted":105,"minecraft:leave_game":4,"minecraft:time_since_death":12355,"minecraft:sprint_one_cm":242272,"minecraft:walk_one_cm":196763,"minecraft:drop":59,"minecraft:talked_to_villager":2,"minecraft:play_time":105120,"minecraft:deaths":11,"minecraft:sneak_time":4675,"minecraft:walk_under_water_one_cm":7448,"minecraft:boat_one_cm":25650,"minecraft:jump":1331,"minecraft:walk_on_water_one_cm":12501,"minecraft:total_world_time":105120,"minecraft:interact_with_furnace":28,"minecraft:interact_with_stonecutter":1,"minecraft:sleep_in_bed":5,"minecraft:time_since_rest":2276,"minecraft:damage_taken":3843,"minecraft:damage_dealt":9995,"minecraft:swim_one_cm":16178,"minecraft:fly_one_cm":126486,"minecraft:open_chest":32,"minecraft:crouch_one_cm":8835,"minecraft:fall_one_cm":25027},"minecraft:used":{"minecraft:beetroot":1,"tacz:gun_smith_table":1,"minecraft:oak_door":2,"minecraft:torch":24,"minecraft:dirt":9,"minecraft:wooden_axe":2,"projectvibrantjourneys:fallen_leaves":1,"minecraft:iron_axe":90,"marbledsarsenal:police_baton":191,"minecraft:furnace":1,"minecraft:stone_pickaxe":132,"minecraft:wooden_pickaxe":9,"minecraft:stonecutter":1,"minecraft:crafting_table":3,"minecraft:white_bed":4,"minecraft:oak_log":1,"minecraft:apple":4,"minecraft:bread":25,"minecraft:iron_pickaxe":259,"minecraft:suspicious_stew":1,"minecraft:map":1,"minecraft:spruce_sapling":7,"ecologics:coconut_slice":11,"minecraft:cobblestone":32,"minecraft:andesite":21,"minecraft:oak_boat":1,"alexsmobs:animal_dictionary":1},"minecraft:killed":{"hordes:zombie_player":12,"minecraft:drowned":4,"minecraft:pig":2,"alexsmobs:grizzly_bear":2,"minecraft:zombie_villager":1,"minecraft:zombie":41},"minecraft:crafted":{"minecraft:oak_planks":28,"minecraft:furnace":1,"minecraft:stone":7,"minecraft:iron_axe":2,"psg:potassium":9,"minecraft:stone_pickaxe":1,"minecraft:crafting_table":2,"minecraft:spruce_planks":28,"tacz:ammo_box":1,"minecraft:wooden_pickaxe":1,"tacz:gun_smith_table":1,"minecraft:copper_ingot":100,"minecraft:air":0,"minecraft:oak_boat":1,"minecraft:charcoal":23,"minecraft:stick":12,"minecraft:iron_ingot":36,"minecraft:iron_pickaxe":2,"minecraft:wooden_axe":1,"minecraft:iron_block":1,"minecraft:iron_shovel":1,"minecraft:stonecutter":1,"minecraft:torch":12,"create:zinc_ingot":11},"minecraft:dropped":{"farmersdelight:tomato_seeds":4,"minecraft:bread":17,"minecraft:ender_pearl":1,"marbledsarsenal:police_baton":4,"ecologics:coconut_slice":1,"minecraft:cobblestone":6,"minecraft:apple":3,"minecraft:granite":1,"minecraft:coal":1,"minecraft:dirt":1,"minecraft:torch":6,"projectvibrantjourneys:fallen_leaves":2,"minecraft:wooden_axe":2,"minecraft:map":3,"farmersdelight:onion":7,"minecraft:paper":6,"pointblank:m1911a1":3,"pointblank:ammo45acp":26,"minecraft:gravel":6,"minecraft:coarse_dirt":4,"alexsmobs:animal_dictionary":1,"minecraft:raw_copper":64,"minecraft:raw_iron":20,"minecraft:rotten_flesh":1,"minecraft:oak_planks":27,"minecraft:white_bed":1,"alexsmobs:bear_fur":1,"psg:sulphur":82,"minecraft:filled_map":2,"minecraft:gunpowder":3,"minecraft:andesite":2,"minecraft:beetroot_seeds":1,"ecologics:coconut_husk":11,"create:limestone":8,"k_turrets:raw_titanium":7,"minecraft:wooden_pickaxe":1,"minecraft:stone_pickaxe":2,"ecologics:seashell":1}},"DataVersion":3465}