{"stats":{"minecraft:picked_up":{"minecraft:wooden_axe":3,"minecraft:charcoal":16,"minecraft:crafting_table":3,"minecraft:coarse_dirt":8,"minecraft:suspicious_stew":4,"ecologics:seashell":4,"minecraft:string":3,"minecraft:iron_axe":4,"minecraft:raw_copper":474,"create:limestone":8,"tacz:ammo":45,"minecraft:iron_shovel":1,"minecraft:beetroot":2,"minecraft:cherry_boat":1,"minecraft:spruce_planks":1,"minecraft:iron_pickaxe":5,"minecraft:furnace":1,"minecraft:stick":49,"minecraft:raw_iron":57,"marbledsarsenal:police_baton":7,"minecraft:oak_door":8,"ecologics:coconut_slice":15,"minecraft:copper_ingot":149,"minecraft:torch":35,"minecraft:bowl":3,"minecraft:porkchop":25,"pointblank:gunmetal_nugget":238,"psg:sulphur":268,"farmersdelight:tomato_seeds":8,"minecraft:cherry_log":31,"minecraft:redstone":13,"create:zinc_ingot":16,"pointblank:ammo45acp":96,"pointblank:m1911a1":8,"minecraft:rotten_flesh":100,"minecraft:beetroot_seeds":1,"farmersdelight:onion":7,"k_turrets:raw_titanium":47,"minecraft:iron_block":3,"farmersdelight:rope":32,"minecraft:mutton":7,"minecraft:white_wool":10,"minecraft:cobblestone":152,"farmersdelight:rice":12,"minecraft:andesite":69,"projectvibrantjourneys:fallen_leaves":5,"minecraft:potato":15,"minecraft:filled_map":1,"alexsmobs:bear_fur":1,"overworld_netherite_ore:ancientdebrispiece":2,"create:raw_zinc":211,"minecraft:oak_log":23,"minecraft:gunpowder":13,"psg:potassium":18,"minecraft:map":2,"marbledsarsenal:cm6m_gas_mask":5,"minecraft:dirt":32,"minecraft:paper":6,"minecraft:cooked_mutton":4,"tacz:ammo_box":3,"minecraft:leather_boots":5,"minecraft:bone":28,"minecraft:apple":8,"minecraft:wheat_seeds":1,"minecraft:raw_gold":20,"minecraft:stone_pickaxe":2,"minecraft:iron_ingot":19,"tacz:gun_smith_table":2,"minecraft:oak_planks":24,"minecraft:book":12,"minecraft:cooked_porkchop":8,"psg:raw_potassium":42,"minecraft:gravel":6,"minecraft:spruce_sapling":66,"minecraft:white_bed":8,"minecraft:spruce_log":94,"alexsmobs:animal_dictionary":5,"minecraft:spider_eye":6,"minecraft:slime_ball":5,"minecraft:granite":1,"minecraft:cherry_sapling":16,"minecraft:bread":47,"minecraft:oak_sapling":3,"projectvibrantjourneys:orange_bark_mushroom":4,"minecraft:coal":41,"minecraft:ender_pearl":1},"minecraft:broken":{"minecraft:stone_pickaxe":1,"minecraft:iron_pickaxe":1},"minecraft:killed_by":{"minecraft:player":1,"hordes:zombie_player":4,"minecraft:zombie":6},"minecraft:mined":{"create:zinc_ore":72,"create:deepslate_zinc_ore":1,"minecraft:white_bed":6,"minecraft:cherry_log":17,"projectvibrantjourneys:rocks":7,"psg:sulphur_ore":39,"minecraft:granite":1,"minecraft:grass_block":8,"minecraft:spruce_leaves":38,"tacz:gun_smith_table":1,"minecraft:redstone_ore":1,"minecraft:furnace":3,"minecraft:iron_ore":36,"minecraft:andesite":30,"minecraft:deepslate_iron_ore":1,"projectvibrantjourneys:seashells":3,"minecraft:white_tulip":1,"minecraft:stone":69,"create:limestone":4,"minecraft:deepslate_redstone_ore":2,"psg:potassium_ore":10,"minecraft:crafting_table":3,"minecraft:torch":9,"projectvibrantjourneys:twigs":6,"projectvibrantjourneys:mossy_rocks":1,"minecraft:tall_grass":2,"minecraft:copper_ore":52,"minecraft:cobblestone":1,"projectvibrantjourneys:fallen_leaves":4,"minecraft:oak_planks":2,"minecraft:wall_torch":8,"minecraft:deepslate_copper_ore":7,"farmersdelight:wild_beetroots":3,"minecraft:coarse_dirt":4,"ecologics:seashell":1,"projectvibrantjourneys:bones":5,"minecraft:spruce_log":33,"k_turrets:titanium_ore":15,"minecraft:grass":5,"minecraft:oak_log":13,"minecraft:coal_ore":26,"projectvibrantjourneys:short_grass":4,"minecraft:cherry_leaves":2,"minecraft:gravel":3,"minecraft:dirt":7,"minecraft:gold_ore":10,"minecraft:oak_leaves":4,"minecraft:fern":2},"minecraft:custom":{"minecraft:mob_kills":87,"minecraft:interact_with_crafting_table":20,"minecraft:damage_dealt_resisted":119,"minecraft:leave_game":5,"minecraft:time_since_death":3679,"minecraft:sprint_one_cm":320039,"minecraft:walk_one_cm":235809,"minecraft:drop":86,"minecraft:talked_to_villager":2,"minecraft:play_time":124392,"minecraft:deaths":12,"minecraft:sneak_time":5454,"minecraft:walk_under_water_one_cm":7448,"minecraft:boat_one_cm":40590,"minecraft:jump":1746,"minecraft:walk_on_water_one_cm":12869,"minecraft:total_world_time":124392,"minecraft:interact_with_furnace":40,"minecraft:interact_with_stonecutter":1,"minecraft:sleep_in_bed":7,"minecraft:time_since_rest":3703,"minecraft:damage_taken":4254,"minecraft:damage_dealt":13608,"minecraft:swim_one_cm":16178,"minecraft:fly_one_cm":202470,"minecraft:open_chest":36,"minecraft:crouch_one_cm":9216,"minecraft:fall_one_cm":32017},"minecraft:used":{"minecraft:beetroot":1,"tacz:gun_smith_table":1,"minecraft:oak_door":2,"minecraft:torch":27,"minecraft:dirt":9,"minecraft:wooden_axe":2,"projectvibrantjourneys:fallen_leaves":1,"minecraft:iron_axe":132,"marbledsarsenal:police_baton":252,"minecraft:furnace":1,"minecraft:potato":3,"minecraft:cherry_log":3,"minecraft:cooked_mutton":7,"minecraft:stone_pickaxe":132,"minecraft:wooden_pickaxe":9,"minecraft:leather_boots":1,"minecraft:stonecutter":1,"minecraft:crafting_table":4,"minecraft:white_bed":5,"minecraft:oak_log":1,"minecraft:apple":4,"minecraft:bread":25,"minecraft:iron_pickaxe":267,"minecraft:suspicious_stew":2,"minecraft:map":1,"minecraft:spruce_sapling":7,"ecologics:coconut_slice":11,"minecraft:cobblestone":32,"minecraft:porkchop":1,"minecraft:cooked_porkchop":4,"minecraft:andesite":21,"minecraft:oak_boat":1,"alexsmobs:animal_dictionary":1,"minecraft:cherry_boat":1},"minecraft:killed":{"hordes:zombie_player":12,"minecraft:drowned":4,"minecraft:pig":11,"alexsmobs:grizzly_bear":2,"minecraft:zombie_villager":2,"minecraft:sheep":5,"minecraft:pillager":2,"minecraft:zombie":49},"minecraft:crafted":{"minecraft:oak_planks":28,"minecraft:furnace":1,"minecraft:cherry_boat":1,"minecraft:stone":7,"minecraft:cooked_mutton":11,"minecraft:iron_axe":2,"psg:potassium":9,"minecraft:stone_pickaxe":1,"minecraft:cooked_porkchop":12,"minecraft:crafting_table":2,"minecraft:spruce_planks":28,"tacz:ammo_box":1,"minecraft:wooden_pickaxe":1,"tacz:gun_smith_table":1,"minecraft:copper_ingot":100,"minecraft:air":0,"minecraft:oak_boat":1,"minecraft:charcoal":23,"minecraft:stick":12,"minecraft:iron_ingot":36,"minecraft:iron_pickaxe":2,"minecraft:wooden_axe":1,"minecraft:iron_block":1,"minecraft:iron_shovel":1,"minecraft:stonecutter":1,"minecraft:torch":12,"create:zinc_ingot":27,"minecraft:cherry_planks":56},"minecraft:dropped":{"farmersdelight:tomato_seeds":4,"minecraft:bread":17,"minecraft:wheat_seeds":1,"minecraft:ender_pearl":1,"marbledsarsenal:police_baton":4,"ecologics:coconut_slice":1,"minecraft:cobblestone":6,"minecraft:book":3,"minecraft:apple":3,"minecraft:granite":1,"projectvibrantjourneys:orange_bark_mushroom":2,"minecraft:coal":1,"tacz:ammo_box":1,"minecraft:dirt":1,"minecraft:torch":7,"projectvibrantjourneys:fallen_leaves":2,"minecraft:wooden_axe":2,"minecraft:map":3,"farmersdelight:onion":7,"minecraft:paper":6,"minecraft:string":2,"pointblank:m1911a1":3,"pointblank:ammo45acp":26,"minecraft:gravel":6,"minecraft:coarse_dirt":4,"alexsmobs:animal_dictionary":1,"minecraft:raw_copper":64,"minecraft:bowl":3,"minecraft:raw_iron":20,"minecraft:rotten_flesh":10,"minecraft:oak_planks":27,"minecraft:white_bed":2,"alexsmobs:bear_fur":1,"psg:sulphur":82,"minecraft:filled_map":2,"minecraft:gunpowder":3,"minecraft:spruce_planks":5,"minecraft:andesite":8,"minecraft:beetroot_seeds":1,"ecologics:coconut_husk":11,"create:limestone":8,"k_turrets:raw_titanium":7,"minecraft:spider_eye":1,"tacz:ammo":9,"minecraft:wooden_pickaxe":1,"minecraft:stone_pickaxe":2,"ecologics:seashell":1}},"DataVersion":3465}