{"stats":{"minecraft:picked_up":{"minecraft:wooden_axe":1,"minecraft:crafting_table":1,"farmersdelight:rice":6,"minecraft:suspicious_stew":2,"minecraft:andesite":6,"projectvibrantjourneys:fallen_leaves":3,"ecologics:seashell":3,"minecraft:potato":7,"minecraft:filled_map":1,"alexsmobs:bear_fur":1,"minecraft:oak_log":8,"minecraft:gunpowder":3,"minecraft:map":2,"minecraft:dirt":1,"minecraft:paper":6,"minecraft:raw_copper":95,"create:limestone":8,"minecraft:bone":8,"minecraft:beetroot":2,"minecraft:stone_pickaxe":2,"minecraft:oak_planks":22,"minecraft:stick":6,"minecraft:raw_iron":21,"marbledsarsenal:police_baton":1,"ecologics:coconut_slice":15,"psg:raw_potassium":10,"minecraft:copper_ingot":1,"minecraft:torch":8,"minecraft:gravel":6,"pointblank:gunmetal_nugget":46,"psg:sulphur":135,"farmersdelight:tomato_seeds":8,"minecraft:white_bed":5,"alexsmobs:animal_dictionary":1,"pointblank:m1911a1":3,"pointblank:ammo45acp":46,"minecraft:rotten_flesh":23,"farmersdelight:onion":7,"minecraft:beetroot_seeds":1,"k_turrets:raw_titanium":7,"minecraft:granite":1,"farmersdelight:rope":29,"minecraft:bread":33,"minecraft:coal":25,"minecraft:cobblestone":28,"minecraft:ender_pearl":1},"minecraft:broken":{"minecraft:stone_pickaxe":1},"minecraft:mined":{"minecraft:white_bed":4,"projectvibrantjourneys:rocks":6,"psg:sulphur_ore":28,"minecraft:crafting_table":2,"minecraft:torch":2,"minecraft:granite":1,"projectvibrantjourneys:twigs":6,"minecraft:grass_block":1,"minecraft:copper_ore":25,"projectvibrantjourneys:fallen_leaves":4,"minecraft:wall_torch":2,"farmersdelight:wild_beetroots":3,"ecologics:seashell":1,"minecraft:iron_ore":12,"projectvibrantjourneys:bones":1,"minecraft:andesite":5,"k_turrets:titanium_ore":6,"minecraft:coal_ore":13,"minecraft:oak_log":8,"minecraft:gravel":3,"projectvibrantjourneys:seashells":3,"minecraft:stone":28,"create:limestone":4,"minecraft:oak_leaves":3},"minecraft:custom":{"minecraft:mob_kills":22,"minecraft:interact_with_crafting_table":3,"minecraft:damage_dealt_resisted":72,"minecraft:leave_game":2,"minecraft:time_since_death":50498,"minecraft:sleep_in_bed":3,"minecraft:time_since_rest":5912,"minecraft:sprint_one_cm":132727,"minecraft:damage_taken":565,"minecraft:walk_one_cm":83511,"minecraft:drop":54,"minecraft:damage_dealt":3523,"minecraft:swim_one_cm":16178,"minecraft:fly_one_cm":66328,"minecraft:talked_to_villager":2,"minecraft:open_chest":8,"minecraft:crouch_one_cm":6829,"minecraft:play_time":50498,"minecraft:sneak_time":3079,"minecraft:walk_under_water_one_cm":7448,"minecraft:boat_one_cm":25650,"minecraft:jump":467,"minecraft:walk_on_water_one_cm":4896,"minecraft:total_world_time":50498,"minecraft:fall_one_cm":8935},"minecraft:used":{"minecraft:beetroot":1,"minecraft:stone_pickaxe":132,"minecraft:wooden_pickaxe":9,"minecraft:torch":11,"minecraft:crafting_table":3,"minecraft:white_bed":4,"minecraft:oak_log":1,"minecraft:wooden_axe":2,"projectvibrantjourneys:fallen_leaves":1,"minecraft:bread":11,"minecraft:map":1,"marbledsarsenal:police_baton":95,"ecologics:coconut_slice":11,"minecraft:cobblestone":9,"alexsmobs:animal_dictionary":1,"minecraft:oak_boat":1},"minecraft:killed":{"alexsmobs:grizzly_bear":2,"hordes:zombie_player":1,"minecraft:zombie":15,"minecraft:drowned":4},"minecraft:crafted":{"minecraft:oak_planks":28,"minecraft:crafting_table":2,"minecraft:wooden_pickaxe":1,"minecraft:oak_boat":1,"minecraft:stick":8,"minecraft:stone_pickaxe":1,"minecraft:wooden_axe":1,"minecraft:torch":12},"minecraft:dropped":{"farmersdelight:tomato_seeds":4,"minecraft:gravel":6,"minecraft:bread":17,"alexsmobs:animal_dictionary":1,"minecraft:raw_copper":64,"minecraft:ender_pearl":1,"marbledsarsenal:police_baton":1,"ecologics:coconut_slice":1,"minecraft:raw_iron":20,"minecraft:cobblestone":6,"minecraft:rotten_flesh":1,"minecraft:oak_planks":27,"minecraft:apple":3,"minecraft:granite":1,"minecraft:white_bed":1,"alexsmobs:bear_fur":1,"minecraft:coal":1,"psg:sulphur":82,"minecraft:filled_map":2,"minecraft:dirt":1,"minecraft:gunpowder":3,"minecraft:torch":6,"minecraft:beetroot_seeds":1,"minecraft:andesite":2,"projectvibrantjourneys:fallen_leaves":2,"minecraft:wooden_axe":1,"ecologics:coconut_husk":11,"k_turrets:raw_titanium":7,"minecraft:map":3,"create:limestone":8,"farmersdelight:onion":7,"minecraft:stone_pickaxe":2,"minecraft:wooden_pickaxe":1,"ecologics:seashell":1,"minecraft:paper":6,"pointblank:m1911a1":3,"pointblank:ammo45acp":26}},"DataVersion":3465}