{"stats":{"minecraft:used":{"minecraft:stone_pickaxe":73,"minecraft:oak_planks":27,"minecraft:chest":1,"minecraft:wooden_pickaxe":19,"minecraft:oak_door":1,"minecraft:torch":4,"minecraft:crafting_table":4,"minecraft:white_bed":2,"minecraft:wooden_axe":1,"minecraft:bread":8,"marbledsarsenal:police_baton":43,"ecologics:coconut_slice":4,"minecraft:cobblestone":35,"minecraft:furnace":1,"minecraft:oak_boat":1},"minecraft:picked_up":{"minecraft:wooden_axe":1,"minecraft:crafting_table":4,"minecraft:wooden_pickaxe":1,"minecraft:oak_log":9,"minecraft:gunpowder":1,"marbledsarsenal:cm6m_gas_mask":1,"minecraft:raw_copper":151,"create:limestone":8,"minecraft:leather_boots":1,"minecraft:bone":5,"minecraft:apple":3,"minecraft:wheat_seeds":1,"minecraft:stone_pickaxe":3,"minecraft:oak_boat":1,"minecraft:oak_planks":41,"projectvibrantjourneys:light_brown_bark_mushroom":3,"minecraft:raw_iron":28,"marbledsarsenal:police_baton":1,"ecologics:coconut_slice":1,"psg:raw_potassium":12,"minecraft:torch":9,"psg:sulphur":86,"ecologics:coconut_husk":1,"minecraft:white_bed":4,"minecraft:spider_eye":1,"alexsmobs:animal_dictionary":1,"pointblank:m1911a1":3,"pointblank:ammo45acp":26,"minecraft:rotten_flesh":9,"minecraft:beetroot_seeds":1,"k_turrets:raw_titanium":11,"minecraft:hay_block":5,"minecraft:bread":17,"minecraft:coal":11,"minecraft:cobblestone":46,"minecraft:ender_pearl":2},"minecraft:killed":{"minecraft:zombie":6,"minecraft:drowned":4},"minecraft:mined":{"minecraft:white_bed":3,"projectvibrantjourneys:rocks":2,"psg:sulphur_ore":2,"minecraft:crafting_table":2,"minecraft:torch":2,"minecraft:cobblestone":5,"minecraft:copper_ore":15,"minecraft:oak_planks":14,"minecraft:hay_block":5,"minecraft:iron_ore":9,"projectvibrantjourneys:bones":1,"minecraft:oak_log":9,"k_turrets:titanium_ore":1,"minecraft:coal_ore":11,"minecraft:stone":36},"minecraft:killed_by":{"minecraft:zombie":1},"minecraft:crafted":{"minecraft:oak_door":3,"minecraft:oak_planks":36,"minecraft:crafting_table":1,"minecraft:wooden_pickaxe":1,"minecraft:furnace":1,"minecraft:bread":15,"minecraft:oak_boat":1,"minecraft:stick":4,"minecraft:stone_pickaxe":1,"minecraft:chest":1,"minecraft:wheat":45},"minecraft:custom":{"minecraft:interact_with_furnace":1,"minecraft:mob_kills":10,"minecraft:interact_with_cartography_table":1,"minecraft:interact_with_crafting_table":9,"minecraft:damage_dealt_resisted":60,"minecraft:leave_game":2,"minecraft:time_since_death":10662,"minecraft:time_since_rest":10688,"minecraft:sprint_one_cm":87398,"minecraft:damage_taken":570,"minecraft:walk_one_cm":75913,"minecraft:drop":32,"minecraft:damage_dealt":1321,"minecraft:fly_one_cm":89504,"minecraft:swim_one_cm":16806,"minecraft:talked_to_villager":1,"minecraft:open_chest":10,"minecraft:crouch_one_cm":506,"minecraft:play_time":37571,"minecraft:deaths":1,"minecraft:sneak_time":263,"minecraft:walk_under_water_one_cm":9181,"minecraft:jump":480,"minecraft:walk_on_water_one_cm":9880,"minecraft:total_world_time":37571,"minecraft:fall_one_cm":16210},"minecraft:dropped":{"farmersdelight:tomato_seeds":4,"minecraft:wheat_seeds":1,"minecraft:rotten_flesh":9,"minecraft:white_bed":1,"farmersdelight:rice":3,"projectvibrantjourneys:light_brown_bark_mushroom":3,"minecraft:gunpowder":1,"minecraft:andesite":1,"minecraft:beetroot_seeds":1,"create:limestone":8,"k_turrets:raw_titanium":2,"farmersdelight:onion":7,"minecraft:spider_eye":1,"minecraft:stone_pickaxe":2,"ecologics:seashell":1,"minecraft:paper":6,"pointblank:m1911a1":2,"minecraft:bone":9}},"DataVersion":3465}