{"stats":{"minecraft:picked_up":{"minecraft:wooden_axe":1,"minecraft:crafting_table":4,"minecraft:andesite":1,"projectvibrantjourneys:fallen_leaves":2,"minecraft:wooden_pickaxe":1,"minecraft:oak_log":9,"minecraft:gunpowder":1,"marbledsarsenal:cm6m_gas_mask":1,"minecraft:string":1,"minecraft:white_banner":1,"minecraft:raw_copper":151,"create:limestone":8,"minecraft:leather_boots":1,"tacz:ammo":9,"minecraft:bone":5,"minecraft:apple":3,"minecraft:stonecutter":1,"minecraft:wheat_seeds":1,"minecraft:stone_pickaxe":3,"minecraft:oak_boat":1,"minecraft:oak_planks":41,"minecraft:furnace":2,"projectvibrantjourneys:light_brown_bark_mushroom":3,"minecraft:raw_iron":28,"marbledsarsenal:police_baton":1,"minecraft:oak_door":1,"ecologics:coconut_slice":1,"psg:raw_potassium":12,"projectvibrantjourneys:bark_mushroom":2,"minecraft:torch":10,"psg:sulphur":86,"ecologics:coconut_husk":1,"minecraft:white_bed":5,"projectvibrantjourneys:cherry_hollow_log":1,"minecraft:spider_eye":1,"alexsmobs:animal_dictionary":1,"pointblank:m1911a1":3,"pointblank:ammo45acp":26,"minecraft:rotten_flesh":9,"minecraft:beetroot_seeds":1,"k_turrets:raw_titanium":11,"minecraft:hay_block":5,"minecraft:cherry_sapling":1,"minecraft:bread":17,"projectvibrantjourneys:orange_bark_mushroom":1,"minecraft:mutton":4,"minecraft:white_wool":3,"minecraft:coal":11,"minecraft:cobblestone":47,"minecraft:ender_pearl":2},"minecraft:killed_by":{"minecraft:zombie":1},"minecraft:mined":{"minecraft:white_bed":3,"minecraft:oak_door":1,"projectvibrantjourneys:rocks":2,"psg:sulphur_ore":2,"minecraft:crafting_table":2,"minecraft:torch":2,"minecraft:copper_ore":15,"minecraft:cobblestone":5,"minecraft:spruce_leaves":1,"minecraft:oak_planks":14,"minecraft:large_fern":1,"minecraft:hay_block":5,"minecraft:iron_ore":9,"projectvibrantjourneys:bones":1,"minecraft:andesite":1,"minecraft:grass":2,"projectvibrantjourneys:cherry_hollow_log":1,"k_turrets:titanium_ore":1,"minecraft:oak_log":9,"minecraft:coal_ore":11,"projectvibrantjourneys:short_grass":1,"minecraft:stonecutter":1,"minecraft:stone":37,"minecraft:fern":1},"minecraft:used":{"minecraft:stone_pickaxe":76,"minecraft:oak_planks":27,"minecraft:ender_pearl":1,"minecraft:chest":1,"minecraft:wooden_pickaxe":19,"minecraft:oak_door":1,"minecraft:torch":5,"minecraft:crafting_table":4,"minecraft:white_bed":3,"minecraft:wooden_axe":1,"minecraft:iron_axe":2,"minecraft:bread":14,"marbledsarsenal:police_baton":59,"ecologics:coconut_slice":4,"minecraft:cobblestone":36,"minecraft:furnace":3,"minecraft:andesite":1,"projectvibrantjourneys:cherry_hollow_log":1,"minecraft:oak_boat":1},"minecraft:custom":{"minecraft:interact_with_furnace":11,"minecraft:mob_kills":14,"minecraft:interact_with_crafting_table":11,"minecraft:interact_with_cartography_table":1,"minecraft:damage_dealt_resisted":90,"minecraft:leave_game":2,"minecraft:time_since_death":24105,"minecraft:sleep_in_bed":2,"minecraft:time_since_rest":1347,"minecraft:sprint_one_cm":132585,"minecraft:damage_taken":871,"minecraft:walk_one_cm":105820,"minecraft:drop":40,"minecraft:damage_dealt":1881,"minecraft:damage_dealt_absorbed":40,"minecraft:swim_one_cm":16806,"minecraft:talked_to_villager":1,"minecraft:fly_one_cm":158656,"minecraft:play_time":51014,"minecraft:open_chest":16,"minecraft:crouch_one_cm":517,"minecraft:deaths":1,"minecraft:sneak_time":267,"minecraft:walk_under_water_one_cm":9181,"minecraft:jump":837,"minecraft:walk_on_water_one_cm":9880,"minecraft:total_world_time":51014,"minecraft:fall_one_cm":26975},"minecraft:killed":{"minecraft:sheep":3,"alexsmobs:blue_jay":1,"minecraft:zombie":6,"minecraft:drowned":4},"minecraft:crafted":{"minecraft:oak_door":3,"minecraft:oak_planks":36,"minecraft:crafting_table":1,"minecraft:wooden_pickaxe":1,"minecraft:furnace":1,"minecraft:bread":15,"minecraft:air":0,"minecraft:oak_boat":1,"minecraft:stick":4,"minecraft:iron_ingot":10,"minecraft:stone_pickaxe":1,"minecraft:chest":1,"minecraft:wheat":45},"minecraft:dropped":{"farmersdelight:tomato_seeds":4,"minecraft:wheat_seeds":1,"minecraft:cherry_sapling":1,"minecraft:rotten_flesh":9,"minecraft:white_bed":1,"projectvibrantjourneys:orange_bark_mushroom":1,"farmersdelight:rice":3,"projectvibrantjourneys:light_brown_bark_mushroom":3,"minecraft:gunpowder":1,"projectvibrantjourneys:fallen_leaves":2,"minecraft:andesite":1,"minecraft:beetroot_seeds":1,"create:limestone":8,"k_turrets:raw_titanium":2,"farmersdelight:onion":7,"minecraft:spider_eye":1,"minecraft:stone_pickaxe":2,"ecologics:seashell":1,"minecraft:paper":6,"minecraft:string":1,"minecraft:white_wool":1,"projectvibrantjourneys:bark_mushroom":2,"pointblank:m1911a1":2,"minecraft:bone":9}},"DataVersion":3465}